{"count":1,"self":1501.5034879999998,"total":3183.8204102,"children":{"AgentSendState":{"count":1256251,"self":35.395651199999996,"total":65.4473671,"children":{"CollectObservations":{"count":2261259,"self":5.0131543999999995,"total":5.0131543999999995,"children":null},"CollectDiscreteActionMasks":{"count":2261259,"self":2.7428916,"total":2.7428915,"children":null},"AgentInfo.ToProto":{"count":2261259,"self":10.2897752,"total":22.295670899999998,"children":{"GenerateSensorData":{"count":2261259,"self":12.005896,"total":12.0058958,"children":null}}}}},"DecideAction":{"count":1256251,"self":1582.2365696,"total":1582.2366003,"children":null},"AgentAct":{"count":1256251,"self":31.820195199999997,"total":34.6319314,"children":{"AgentInfo.ToProto":{"count":158446,"self":1.1660232,"total":2.8117365999999997,"children":{"GenerateSensorData":{"count":158446,"self":1.6457134,"total":1.6457134,"children":null}}}}}},"gauges":{"Arkanoid.CumulativeReward":{"count":158446,"max":22.1010056,"min":-9.969,"runningAverage":-8.802277,"value":-9.96,"weightedAverage":-8.938775}},"metadata":{"timer_format_version":"0.1.0","start_time_seconds":"1594478243","unity_version":"2019.3.0f6","command_line_arguments":"C:\\Program Files\\Unity\\Hub\\Editor\\2019.3.0f6\\Editor\\Unity.exe -projectpath C:\/Project Files\/Unity Projects\/MLAgentTest -useHub -hubIPC -cloudEnvironment production -hubSessionId 8fd1d850-c2a8-11ea-99d0-d9b23e056f98 -accessToken 2OfZr6J3F_cvWy288SXk9DNeEI_ztQhvu3jJ5bcJy0o00df","communication_protocol_version":"1.0.0","com.unity.ml-agents_version":"1.0.2","scene_name":"SampleScene","end_time_seconds":"1594481427"}}