{
    "name": "root",
    "gauges": {
        "Arkanoid.Policy.Entropy.mean": {
            "value": 0.237232506275177,
            "min": 0.2125910520553589,
            "max": 1.080898404121399,
            "count": 100
        },
        "Arkanoid.Environment.EpisodeLength.mean": {
            "value": 327.44827586206895,
            "min": 16.255941499085925,
            "max": 370.64285714285717,
            "count": 100
        },
        "Arkanoid.Policy.ExtrinsicValueEstimate.mean": {
            "value": 2.821453809738159,
            "min": -3.8879783153533936,
            "max": 3.217561721801758,
            "count": 100
        },
        "Arkanoid.Environment.CumulativeReward.mean": {
            "value": 12.714845090590675,
            "min": -9.382546645020126,
            "max": 14.161417085429033,
            "count": 100
        },
        "Arkanoid.Policy.ExtrinsicReward.mean": {
            "value": 12.714845090590675,
            "min": -9.382546645020126,
            "max": 14.161417085429033,
            "count": 100
        },
        "Arkanoid.Losses.ValueLoss.mean": {
            "value": 0.8756868243217468,
            "min": 0.49676433205604553,
            "max": 25.875463485717773,
            "count": 100
        },
        "Arkanoid.Losses.PolicyLoss.mean": {
            "value": 0.06846659630537033,
            "min": 0.05799362063407898,
            "max": 0.0757802203297615,
            "count": 100
        },
        "Arkanoid.Policy.LearningRate.mean": {
            "value": 1.6871769048520946e-06,
            "min": 1.6871769048520946e-06,
            "max": 0.0002984564343933016,
            "count": 100
        },
        "Arkanoid.Policy.Epsilon.mean": {
            "value": 0.10056235641241074,
            "min": 0.10056235641241074,
            "max": 0.19948549568653107,
            "count": 100
        },
        "Arkanoid.Policy.Beta.mean": {
            "value": 3.8061716622905806e-05,
            "min": 3.8061716622905806e-05,
            "max": 0.0049743251875042915,
            "count": 100
        },
        "Arkanoid.IsTraining.mean": {
            "value": 1.0,
            "min": 1.0,
            "max": 1.0,
            "count": 100
        }
    },
    "metadata": {
        "timer_format_version": "0.1.0",
        "start_time_seconds": "1594565665",
        "python_version": "3.6.10 |Anaconda, Inc.| (default, May  7 2020, 19:46:08) [MSC v.1916 64 bit (AMD64)]",
        "command_line_arguments": "C:\\Users\\15GD880\\anaconda3\\envs\\ml-agents\\Scripts\\mlagents-learn ./config/ppo/Arkanoid.yaml --run-id=Arkanoid_02",
        "mlagents_version": "0.18.0.dev0",
        "mlagents_envs_version": "0.18.0.dev0",
        "communication_protocol_version": "1.0.0",
        "tensorflow_version": "2.2.0",
        "end_time_seconds": "1594566207"
    },
    "total": 541.2031092999999,
    "count": 1,
    "self": 0.2059167999999545,
    "children": {
        "run_training.setup": {
            "total": 0.0089922,
            "count": 1,
            "self": 0.0089922
        },
        "TrainerController.start_learning": {
            "total": 540.9882003,
            "count": 1,
            "self": 30.1643538000003,
            "children": {
                "TrainerController._reset_env": {
                    "total": 5.3964091,
                    "count": 1,
                    "self": 5.3964091
                },
                "TrainerController.advance": {
                    "total": 505.3098701999998,
                    "count": 42965,
                    "self": 0.4635685999983252,
                    "children": {
                        "env_step": {
                            "total": 504.8463016000015,
                            "count": 42965,
                            "self": 464.4854169000162,
                            "children": {
                                "SubprocessEnvManager._take_step": {
                                    "total": 39.78696439999156,
                                    "count": 42965,
                                    "self": 1.6510561999951108,
                                    "children": {
                                        "NNPolicy.evaluate": {
                                            "total": 38.13590819999645,
                                            "count": 40036,
                                            "self": 38.13590819999645
                                        }
                                    }
                                },
                                "workers": {
                                    "total": 0.5739202999937199,
                                    "count": 42965,
                                    "self": 0.0,
                                    "children": {
                                        "worker_root": {
                                            "total": 534.3127878999991,
                                            "count": 42965,
                                            "is_parallel": true,
                                            "self": 172.110251199998,
                                            "children": {
                                                "steps_from_proto": {
                                                    "total": 0.000577,
                                                    "count": 1,
                                                    "is_parallel": true,
                                                    "self": 0.00021470000000000001,
                                                    "children": {
                                                        "_process_vector_observation": {
                                                            "total": 0.0003623,
                                                            "count": 2,
                                                            "is_parallel": true,
                                                            "self": 0.0003623
                                                        }
                                                    }
                                                },
                                                "UnityEnvironment.step": {
                                                    "total": 362.20195970000105,
                                                    "count": 42965,
                                                    "is_parallel": true,
                                                    "self": 5.477459300001556,
                                                    "children": {
                                                        "UnityEnvironment._generate_step_input": {
                                                            "total": 7.692704000000414,
                                                            "count": 42965,
                                                            "is_parallel": true,
                                                            "self": 7.692704000000414
                                                        },
                                                        "communicator.exchange": {
                                                            "total": 328.8457896000036,
                                                            "count": 42965,
                                                            "is_parallel": true,
                                                            "self": 328.8457896000036
                                                        },
                                                        "steps_from_proto": {
                                                            "total": 20.186006799995468,
                                                            "count": 42965,
                                                            "is_parallel": true,
                                                            "self": 7.540910799999891,